mapped_vendor_id,vendor_name,transaction_count,spend_usd
V0146,Summit Group,469,387676.08
V0169,Apex Solutions,571,382226.58999999997
V0174,Nova Technologies,445,303161.57
V0079,Atlas Solutions,402,290757.23
V0154,Apex Cloud,408,288102.86
V0124,Vertex Labs,372,274008.83
V0155,Pioneer Cloud,384,265459.41
V0128,Northstar Solutions,362,264513.16
V0087,Nova Systems,363,260570.07
V0177,BlueSky Solutions,351,260431.62
V0094,BlueSky Group,387,250861.44999999998
V0176,Nova Group,308,234220.45
V0170,Nimbus Labs,287,223776.4
V0150,Apex Group,301,223395.49
V0055,Vertex Group,317,217919.47
V0081,Vertex Consulting,285,216159.29
V0151,Northstar Systems,308,215710.38
V0178,Northstar Services,298,207201.8
V0147,Summit Labs,295,205849.26
V0179,Northstar Technologies,280,204488.53
V0141,Quantum Consulting,294,202044.45
V0110,Summit Solutions,284,198692.48
V0173,Quantum Group,294,196902.21
V0160,Cobalt Solutions,297,193308.48
V0164,Evergreen Systems,286,190615.09
V0115,Evergreen Consulting,279,188010.87
V0162,Apex Labs,288,186590.33
V0157,Quantum Technologies,256,180667.71
V0152,Atlas Technologies,271,169428.41
V0127,Summit Consulting,214,157973.03
V0156,BlueSky Services,179,156466.03
V0125,Evergreen Cloud,202,156250.62
V0106,Atlas Labs,207,155959.49
V0145,Vertex Technologies,193,153702.9
V0114,Evergreen Labs,205,151895.14
V0166,Summit Services,213,151652.8
V0074,Evergreen Technologies,210,151314.08
V0099,Cobalt Cloud,222,141934.84
V0159,Quantum Services,194,136806.93
V0165,BlueSky Technologies,210,134778.41
V0058,Atlas Systems,179,132429.89
V0167,Summit Cloud,204,131912.53
V0126,Quantum Systems,175,131632.8
V0119,Quantum Cloud,206,131621.63
V0111,Northstar Labs,209,130068.59
V0098,Evergreen Services,198,128822.31
V0021,Apex Technologies,199,126947.29
V0168,Cobalt Services,172,124603.91
V0158,Northstar Cloud,189,123765.84999999999
V0037,Nimbus Group,199,123310.81
V0024,BlueSky Cloud,187,121676.59
V0135,Vertex Systems,182,120681.38
V0059,Quantum Solutions,176,116933.05
V0172,Nimbus Cloud,158,116834.8
V0138,Nimbus Consulting,191,115145.12
V0121,Nova Labs,182,106493.33
V0163,Apex Consulting,111,86963.84
V0175,Pioneer Solutions,109,79999.76
V0133,Cobalt Technologies,107,79359.92
V0071,Apex Services,108,78761.94
V0009,BlueSky Systems,114,76935.33
V0122,BlueSky Labs,70,72008.29
V0148,Vertex Solutions,100,70707.37
V0049,Atlas Services,91,70587.17
V0129,Atlas Cloud,98,69742.74
V0153,Vertex Services,90,69585.25
V0057,Nimbus Solutions,97,66029.39
V0095,Apex Systems,83,64997.42
V0082,Northstar Consulting,103,64013.93
V0171,Summit Systems,76,62756.06
V0180,Cobalt Labs,99,61310.41
V0053,BlueSky Consulting,88,59964.76
V0065,Evergreen Solutions,96,58213.89
V0051,Pioneer Systems,90,57997.14
V0149,Cobalt Systems,88,57371.99
V0136,Northstar Group,85,56841.090000000004
V0093,Atlas Group,76,56406.340000000004
V0070,Quantum Labs,81,56371.08
V0085,Pioneer Labs,98,55247.8
V0131,Evergreen Group,89,54211.76
V0170,Nimbus Labs LTD,5,9992.11
V0155,PIONEER CLOUD,6,8468.1
V0159,Quantum Services INC,4,7226.18
V0157,QUANTUM TECHNOLOGIES,4,6569.42
V0151,Northstar Systems LTD,6,6386.84
V0037,Nimbus Group LTD,1,6242.81
V0152,Atlas Technologies INC,3,5973.08
V0154,Apex Cloud LTD,5,5868.6900000000005
V0149,COBALT SYSTEMS,1,5113.69
V0152,Atlas Tech,3,4748.01
V0106,Atlas Labs INC,5,4251.2
V0169,APEX SOLUTIONS,6,3815.48
V0135,Vertex Systems INC,2,3652.0299999999997
V0156,BlueSky Services LTD,2,3540.44
V0173,Quantum Group INC,5,3519.84
V0174,Nova Technologies LTD,5,3518.42
V0074,EVERGREEN TECHNOLOGIES,3,3386.9300000000003
V0055,Vertex Group LTD,4,3386.43
V0177,BLUESKY SOLUTIONS,4,3284.14
V0177,BlueSky Solutions INC,6,3146.83
V0087,NOVA SYSTEMS,2,3126.3999999999996
V0115,EVERGREEN CONSULTING,3,2989.25
V0055,Vertex Group INC,3,2967.0800000000004
V0138,NIMBUS CONSULTING,2,2896.16
V0079,Atlas Solutions INC,4,2830.7799999999997
V0154,APEX CLOUD,5,2799.0
V0173,Quantum Group LTD,4,2643.6800000000003
V0164,Evergreen Systems LTD,1,2603.28
V0099,Cobalt Cloud INC,3,2535.46
V0128,NORTHSTAR SOLUTIONS,3,2529.38
V0166,SUMMIT SERVICES,2,2466.23
V0065,EVERGREEN SOLUTIONS,2,2456.3900000000003
V0125,Evergreen Cloud INC,4,2387.6
V0176,NOVA GROUP,3,2382.5699999999997
V0081,VERTEX CONSULTING,2,2337.96
V0168,Cobalt Services LTD,3,2316.0
V0087,Nova Systems LTD,5,2293.96
V0149,Cobalt Systems INC,3,2280.91
V0115,Evergreen Consulting INC,4,2258.5299999999997
V0136,Northstar Group LTD,1,2239.55
V0079,ATLAS SOLUTIONS,4,2194.56
V0176,Nova Group INC,1,2191.11
V0111,NORTHSTAR LABS,2,2190.67
V0128,Northstar Solutions LTD,3,2190.4
V0145,Vertex Tech,3,2122.77
V0160,COBALT SOLUTIONS,2,1880.6999999999998
V0115,Evergreen Consulting LTD,3,1805.1
V0169,Apex Solutions INC,4,1804.03
V0152,Atlas Technologies LTD,2,1773.91
V0162,Apex Labs INC,2,1754.32
V0163,Apex Consulting LTD,1,1733.63
V0106,ATLAS LABS,2,1677.89
V0081,Vertex Consulting LTD,2,1652.29
V0058,Atlas Systems LTD,1,1566.66
V0099,Cobalt Cloud LTD,2,1530.4699999999998
V0079,Atlas Solns,3,1500.01
V0169,Apex Solutions LTD,2,1432.31
V0141,QUANTUM CONSULTING,3,1428.48
V0074,Evergreen Technologies INC,2,1408.26
V0160,Cobalt Solutions LTD,3,1393.06
V0147,SUMMIT LABS,2,1364.6
V0141,Quantum Consulting LTD,2,1359.71
V0128,Northstar Solns,2,1323.22
V0114,EVERGREEN LABS,3,1321.52
V0057,Nimbus Solutions LTD,1,1298.78
V0157,Quantum Technologies INC,2,1277.34
V0174,Nova Technologies INC,3,1277.0900000000001
V0146,Summit Group LTD,2,1271.0700000000002
V0148,Vertex Solns,2,1256.0900000000001
V0110,Summit Solns,4,1250.06
V0053,BlueSky Consulting LTD,3,1239.6499999999999
V0165,BLUESKY TECHNOLOGIES,2,1125.78
V0179,NORTHSTAR TECHNOLOGIES,2,1114.5
V0087,Nova Systems INC,2,1090.04
V0179,Northstar Technologies INC,2,1089.34
V0094,BlueSky Group INC,3,1055.09
V0174,NOVA TECHNOLOGIES,4,1044.36
V0165,BlueSky Technologies LTD,3,1041.17
V0111,Northstar Labs INC,2,1033.11
V0156,BLUESKY SERVICES,2,976.52
V0164,Evergreen Systems INC,1,976.07
V0021,Apex Tech,1,975.96
V0169,Apex Solns,2,947.0500000000001
V0162,Apex Labs LTD,3,941.98
V0110,Summit Solutions LTD,2,930.25
V0126,QUANTUM SYSTEMS,2,928.8199999999999
V0179,Northstar Technologies LTD,1,918.6
V0168,COBALT SERVICES,1,909.09
V0021,APEX TECHNOLOGIES,2,907.43
V0099,COBALT CLOUD,2,904.56
V0065,Evergreen Solutions LTD,2,873.6800000000001
V0178,NORTHSTAR SERVICES,4,861.0600000000001
V0167,Summit Cloud LTD,2,859.3299999999999
V0146,SUMMIT GROUP,3,843.71
V0133,Cobalt Tech,3,828.0
V0170,Nimbus Labs INC,2,792.79
V0133,Cobalt Technologies LTD,1,777.96
V0098,EVERGREEN SERVICES,2,770.9399999999999
V0059,Quantum Solutions LTD,3,764.62
V0141,Quantum Consulting INC,3,745.84
V0119,QUANTUM CLOUD,1,730.82
V0094,BLUESKY GROUP,2,726.99
V0166,Summit Services LTD,1,720.78
V0171,Summit Systems INC,1,719.82
V0138,Nimbus Consulting INC,1,719.27
V0024,BlueSky Cloud LTD,2,710.76
V0128,Northstar Solutions INC,2,707.0699999999999
V0094,BlueSky Group LTD,3,696.77
V0153,Vertex Services LTD,1,689.56
V0172,Nimbus Cloud INC,2,678.72
V0173,QUANTUM GROUP,4,673.42
V0049,Atlas Services INC,2,654.46
V0152,ATLAS TECHNOLOGIES,1,652.68
V0154,Apex Cloud INC,2,643.78
V0159,Quantum Services LTD,1,630.05
V0172,Nimbus Cloud LTD,3,627.22
V0125,EVERGREEN CLOUD,1,615.56
V0081,Vertex Consulting INC,3,614.13
V0058,Atlas Systems INC,2,584.5
V0165,BlueSky Technologies INC,1,576.99
V0114,Evergreen Labs LTD,2,574.29
V0163,Apex Consulting INC,1,573.47
V0009,BlueSky Systems INC,1,554.45
V0135,Vertex Systems LTD,1,547.23
V0159,QUANTUM SERVICES,2,544.35
V0158,Northstar Cloud INC,1,535.35
V0131,Evergreen Group LTD,2,532.23
V0129,ATLAS CLOUD,3,522.71
V0133,COBALT TECHNOLOGIES,1,521.86
V0145,VERTEX TECHNOLOGIES,2,521.01
V0059,QUANTUM SOLUTIONS,2,519.89
V0178,Northstar Services LTD,1,504.76
V0160,Cobalt Solns,3,503.96000000000004
V0158,NORTHSTAR CLOUD,1,491.55
V0171,SUMMIT SYSTEMS,1,482.21
V0129,Atlas Cloud INC,2,478.71
V0085,PIONEER LABS,1,467.39
V0037,NIMBUS GROUP,1,462.64
V0155,Pioneer Cloud INC,2,454.93
V0082,NORTHSTAR CONSULTING,2,445.28999999999996
V0009,BLUESKY SYSTEMS,1,439.94
V0175,PIONEER SOLUTIONS,2,436.94
V0051,PIONEER SYSTEMS,1,424.59
V0124,VERTEX LABS,2,412.17
V0129,Atlas Cloud LTD,1,396.5
V0175,Pioneer Solutions LTD,1,373.53
V0165,BlueSky Tech,2,364.16999999999996
V0155,Pioneer Cloud LTD,1,352.89
V0111,Northstar Labs LTD,1,341.35
V0110,Summit Solutions INC,1,325.3
V0146,Summit Group INC,2,318.18
V0021,Apex Technologies INC,1,317.84
V0135,VERTEX SYSTEMS,1,316.92
V0074,Evergreen Technologies LTD,1,311.35
V0160,Cobalt Solutions INC,1,294.73
V0178,Northstar Services INC,1,291.95
V0085,Pioneer Labs INC,1,289.88
V0098,Evergreen Services LTD,1,288.61
V0174,Nova Tech,1,287.61
V0127,Summit Consulting LTD,1,284.26
V0070,QUANTUM LABS,1,282.27
V0121,Nova Labs LTD,1,272.78
V0098,Evergreen Services INC,1,271.72
V0082,Northstar Consulting INC,1,250.12
V0110,SUMMIT SOLUTIONS,1,236.93
V0131,EVERGREEN GROUP,1,230.65
V0150,Apex Group LTD,1,228.69
V0051,Pioneer Systems INC,1,225.23
V0119,Quantum Cloud INC,1,210.85
V0024,BLUESKY CLOUD,1,208.83
V0147,Summit Labs LTD,1,206.61
V0065,Evergreen Solns,1,204.91
V0057,Nimbus Solns,1,197.91
V0126,Quantum Systems LTD,1,192.81
V0138,Nimbus Consulting LTD,1,188.55
V0071,APEX SERVICES,1,187.54
V0150,APEX GROUP,1,180.84
V0095,APEX SYSTEMS,1,176.38
V0145,Vertex Technologies LTD,1,164.51
V0170,NIMBUS LABS,1,160.32
V0136,NORTHSTAR GROUP,1,151.53
V0106,Atlas Labs LTD,1,151.53
V0148,VERTEX SOLUTIONS,1,134.58
V0114,Evergreen Labs INC,1,130.16
V0156,BlueSky Services INC,1,118.48
V0121,Nova Labs INC,1,117.73
V0122,BlueSky Labs LTD,1,102.51
V0021,Apex Technologies LTD,1,76.86
V0079,Atlas Solutions LTD,1,70.78
V0162,APEX LABS,1,47.84
